year,quarter,state_unemployed,state_employed,state_labor_force,state_n_months,state_any_preliminary,state_unemployment_rate_pct,state_partial_quarter,state_missing_reason
2015,1,295617.3333333333,5436840.0,5732457.333333333,3,False,5.1569042060612515,False,
2015,2,286497.6666666667,5439835.333333333,5726333.0,3,False,5.003161127141343,False,
2015,3,273954.3333333333,5443802.0,5717756.333333333,3,False,4.7912908029367465,False,
2015,4,278298.0,5452221.666666667,5730519.666666667,3,False,4.85641819918717,False,
2016,1,288278.0,5479391.333333333,5767669.333333333,3,False,4.998171416206939,False,
2016,2,286618.6666666667,5486912.666666667,5773531.333333333,3,False,4.964356303253804,False,
2016,3,290780.3333333333,5478285.0,5769065.333333333,3,False,5.040336978907502,False,
2016,4,301445.0,5477886.333333333,5779331.333333333,3,False,5.215914828439784,False,
2017,1,298230.0,5500477.666666667,5798707.666666667,3,False,5.143042504355711,False,
2017,2,290198.0,5529096.333333333,5819294.333333333,3,False,4.986824576611036,False,
2017,3,286916.6666666667,5544025.666666667,5830942.333333333,3,False,4.920588307424524,False,
2017,4,274190.0,5535526.666666667,5809716.666666667,3,False,4.719507262258917,False,
2018,1,263177.6666666667,5532966.0,5796143.666666667,3,False,4.540564930786452,False,
2018,2,259172.0,5553948.0,5813120.0,3,False,4.45839755587361,False,
2018,3,256824.33333333334,5559419.0,5816243.333333333,3,False,4.415639419029351,False,
2018,4,261041.0,5571125.0,5832166.0,3,False,4.475884259810163,False,
2019,1,245443.0,5595937.0,5841380.0,3,False,4.20179820521863,False,
2019,2,230219.66666666666,5624339.333333333,5854559.0,3,False,3.9323144009081923,False,
2019,3,243146.0,5640103.0,5883249.0,3,False,4.132852442587421,False,
2019,4,251905.66666666666,5659120.0,5911025.666666667,3,False,4.261623631364144,False,
2020,1,267936.6666666667,5615184.666666667,5883121.333333333,3,False,4.554328416593369,False,
2020,2,753342.3333333334,4861525.0,5614867.333333333,3,False,13.416921337767437,False,
2020,3,488151.0,5214627.666666667,5702778.666666667,3,False,8.559879815313423,False,
2020,4,372020.0,5355922.333333333,5727942.333333333,3,False,6.494827956543092,False,
2021,1,346198.6666666667,5390208.333333333,5736407.0,3,False,6.035113384853388,False,
2021,2,326862.6666666667,5419386.333333333,5746249.0,3,False,5.688278852285494,False,
2021,3,286108.3333333333,5452847.0,5738955.333333333,3,False,4.98537306383171,False,
2021,4,245037.33333333334,5488309.333333333,5733346.666666667,3,False,4.273897037448751,False,
2022,1,225055.33333333334,5526126.0,5751181.333333333,3,False,3.9132018326205915,False,
2022,2,224334.33333333334,5543114.0,5767448.333333333,3,False,3.8896635109287216,False,
2022,3,235001.0,5533600.333333333,5768601.333333333,3,False,4.073795126767875,False,
2022,4,230544.0,5547080.0,5777624.0,3,False,3.9902908185094774,False,
2023,1,211238.0,5596884.0,5808122.0,3,False,3.636941510526122,False,
2023,2,201358.33333333334,5631031.666666667,5832390.0,3,False,3.452415447755266,False,
2023,3,213856.33333333334,5638048.0,5851904.333333333,3,False,3.6544741874055475,False,
2023,4,227428.0,5641122.0,5868550.0,3,False,3.8753695546600095,False,
2024,1,236596.33333333334,5650783.0,5887379.333333333,3,False,4.018703737905343,False,
2024,2,253464.66666666666,5668047.666666667,5921512.333333333,3,False,4.280404268346538,False,
2024,3,264590.6666666667,5683175.333333333,5947766.0,3,False,4.448572231433897,False,
2024,4,279366.3333333333,5684449.333333333,5963815.666666667,3,False,4.6843556029872815,False,
2025,1,289168.3333333333,5680071.333333333,5969239.666666667,3,False,4.844307641861032,False,
2025,2,278407.3333333333,5676234.0,5954641.333333333,3,False,4.675467719186445,False,
2025,3,261728.33333333334,5676120.666666667,5937849.0,3,False,4.40779705467979,False,
2025,4,258075.5,5679137.5,5937213.0,2,False,4.346744844761338,True,
