variable,geo_level,description,unit,source,series_id,quarterly_rule,source_url
county_fips,key,5-digit county FIPS code (state 39 = Ohio),code,,,,
county_name,key,County name without 'County',text,,,,
year,key,Calendar year,year,,,,
quarter,key,Calendar quarter (1-4),quarter,,,,
nat_mortgage_rate_30y_pct,national,30-year fixed mortgage average rate (Freddie Mac PMMS),percent,FRED,MORTGAGE30US,Mean of weekly observations dated in the quarter; missing if fewer than 12,https://fred.stlouisfed.org/series/MORTGAGE30US
nat_cpi_index,national,"CPI for All Urban Consumers, all items, seasonally adjusted",index 1982-84=100,FRED,CPIAUCSL,Mean of available monthly values; needs at least 2 of 3 months,https://fred.stlouisfed.org/series/CPIAUCSL
nat_inflation_yoy_pct,national,Year-over-year CPI inflation,percent,Derived,CPIAUCSL,100 x (CPI_q / CPI_same_quarter_prior_year - 1),
nat_treasury_3y_pct,national,3-year Treasury constant-maturity yield; the team's low-risk return benchmark,percent,FRED,DGS3,Mean of daily values in the quarter; missing if fewer than 55 trading days,https://fred.stlouisfed.org/series/DGS3
nat_treasury_10y_pct,national,10-year Treasury constant-maturity yield,percent,FRED,DGS10,Mean of daily values in the quarter; missing if fewer than 55 trading days,https://fred.stlouisfed.org/series/DGS10
nat_tbill_3m_pct,national,3-month Treasury bill secondary market rate,percent,FRED,TB3MS,Mean of available monthly values; needs at least 2 of 3 months,https://fred.stlouisfed.org/series/TB3MS
state_unemployed,state,"Ohio unemployed persons, seasonally adjusted",persons,BLS LAUS,LASST390000000000004,Mean of available monthly values; needs at least 2 of 3 months,https://www.bls.gov/lau/
state_employed,state,"Ohio employed persons, seasonally adjusted",persons,BLS LAUS,LASST390000000000005,Mean of available monthly values; needs at least 2 of 3 months,https://www.bls.gov/lau/
state_labor_force,state,"Ohio civilian labor force, seasonally adjusted",persons,BLS LAUS,LASST390000000000006,Mean of available monthly values; needs at least 2 of 3 months,https://www.bls.gov/lau/
state_unemployment_rate_pct,state,Ohio unemployment rate,percent,Derived,LASST39...04 / 06,100 x state_unemployed / state_labor_force,
cty_unemployed,county,"Unemployed residents, not seasonally adjusted",persons,BLS LAUS,LAUCN<fips>0000000004,Mean of available monthly values; needs at least 2 of 3 months,https://www.bls.gov/lau/
cty_employed,county,"Employed residents (household concept, not payroll jobs), not seasonally adjusted",persons,BLS LAUS,LAUCN<fips>0000000005,Mean of available monthly values; needs at least 2 of 3 months,https://www.bls.gov/lau/
cty_labor_force,county,"Civilian labor force, not seasonally adjusted",persons,BLS LAUS,LAUCN<fips>0000000006,Mean of available monthly values; needs at least 2 of 3 months,https://www.bls.gov/lau/
cty_unemployment_rate_pct,county,Unemployment rate,percent,Derived,LAUCN<fips>...04 / 06,100 x cty_unemployed / cty_labor_force (not an average of monthly rates),
"*_n_obs, *_n_months",quality,Number of source observations used in the quarterly value,count,,,,
"*_partial, *_partial_quarter",quality,True if the quarterly value uses only 2 of 3 months (2025Q4: October 2025 not published),boolean,,,,
*_any_preliminary,quality,True if any month in the quarter is flagged preliminary (P) by BLS,boolean,BLS,,,https://www.bls.gov/lau/
*_missing_reason,quality,Why a labor value is missing: incomplete_period or not_available,text,,,,
