year,quarter,nat_mortgage_rate_30y_pct,nat_mortgage_rate_30y_pct_n_obs,nat_cpi_index,nat_cpi_index_n_obs,nat_treasury_3y_pct,nat_treasury_3y_pct_n_obs,nat_treasury_10y_pct,nat_treasury_10y_pct_n_obs,nat_tbill_3m_pct,nat_tbill_3m_pct_n_obs,nat_inflation_yoy_pct
2015,1,3.716666666666667,12,235.35500000000002,3,0.9696721311475409,61,1.9688524590163934,61,0.02666666666666667,3,-0.11289316317305564
2015,2,3.819230769230769,13,236.96,3,0.96890625,64,2.164375,64,0.02,3,0.03701009123058263
2015,3,3.9546153846153844,13,237.855,3,1.02328125,64,2.223125,64,0.04,3,0.15861096099996086
2015,4,3.8978571428571427,14,237.837,3,1.1372580645161292,62,2.190483870967742,62,0.12333333333333334,3,0.40046998234049
2016,1,3.7384615384615385,13,237.68933333333334,3,1.0234426229508196,61,1.9142622950819672,61,0.2866666666666667,3,0.9918350293528055
2016,2,3.589230769230769,13,239.59033333333332,3,0.91609375,64,1.75015625,64,0.25666666666666665,3,1.1100326356065615
2016,3,3.446153846153846,13,240.60733333333334,3,0.8496875,64,1.564375,64,0.29666666666666663,3,1.1571475618899596
2016,4,3.8423076923076924,13,242.13466666666667,3,1.238688524590164,61,2.138688524590164,61,0.43,3,1.8069798503457024
2017,1,4.173076923076923,13,243.83866666666665,3,1.5164516129032257,62,2.4466129032258066,62,0.59,3,2.587130540144833
2017,2,3.98,13,244.12,3,1.472063492063492,63,2.260952380952381,63,0.89,3,1.8905882402044716
2017,3,3.883846153846154,13,245.287,3,1.5101587301587303,63,2.2414285714285715,63,1.0366666666666668,3,1.9449393340740473
2017,4,3.9223076923076925,13,247.23833333333334,3,1.8129032258064515,62,2.371451612903226,62,1.2066666666666668,3,2.1077802435008675
2018,1,4.282307692307692,13,249.3216666666667,3,2.30672131147541,61,2.7585245901639346,61,1.5599999999999998,3,2.248617938637043
2018,2,4.544615384615384,13,250.679,3,2.6090625,64,2.920625,64,1.8399999999999999,3,2.686793380304775
2018,3,4.566923076923077,13,251.68633333333332,3,2.7434920634920634,63,2.9238095238095236,63,2.0399999999999996,3,2.608916629635205
2018,4,4.7846153846153845,13,252.711,3,2.8442622950819674,61,3.0411475409836064,61,2.316666666666667,3,2.213518669569847
2019,1,4.373846153846154,13,253.38566666666665,3,2.4554098360655736,61,2.652950819672131,61,2.3866666666666667,3,1.6300227951842494
2019,2,4.010769230769231,13,255.24733333333333,3,2.0882539682539685,63,2.338888888888889,63,2.3000000000000003,3,1.8223837390979325
2019,3,3.6584615384615384,13,256.08933333333334,3,1.63265625,64,1.79796875,64,1.9799999999999998,3,1.749399715783806
2019,4,3.7,13,257.888,3,1.5896774193548386,62,1.7919354838709676,62,1.5766666666666669,3,2.0485851427124224
2020,1,3.5215384615384617,13,258.81766666666664,3,1.0933870967741937,62,1.365,62,1.11,3,2.143767669047314
2020,2,3.2392307692307694,13,256.292,3,0.24079365079365078,63,0.6876190476190476,63,0.14333333333333334,3,0.40927623141997493
2020,3,2.9523076923076923,13,259.22166666666664,3,0.16453125,64,0.650625,64,0.11333333333333334,3,1.2231408831293145
2020,4,2.7607142857142857,14,261.0916666666667,3,0.1964516129032258,62,0.864516129032258,62,0.09333333333333334,3,1.242270546387081
2021,1,2.875833333333333,12,263.74233333333336,3,0.2478688524590164,61,1.3359016393442622,61,0.049999999999999996,3,1.9027552215008736
2021,2,3.003846153846154,13,268.5503333333333,3,0.3540625,64,1.59078125,64,0.02666666666666667,3,4.7829558992607435
2021,3,2.8721428571428573,14,272.8296666666667,3,0.43125,64,1.32484375,64,0.04666666666666667,3,5.249561186372054
2021,4,3.079230769230769,13,278.77133333333336,3,0.8185483870967742,62,1.5333870967741934,62,0.05333333333333334,3,6.771440426414732
2022,1,3.822307692307692,13,284.90566666666666,3,1.6825806451612901,62,1.9511290322580646,62,0.3066666666666667,3,8.024245886452297
2022,2,5.266153846153846,13,291.60533333333336,3,2.8891935483870967,62,2.9325806451612904,62,1.0766666666666667,3,8.584982827551912
2022,3,5.623076923076923,13,295.453,3,3.37921875,64,3.10109375,64,2.6633333333333336,3,8.29210899596693
2022,4,6.664615384615384,13,298.5416666666667,3,4.250327868852459,61,3.82672131147541,61,4.04,3,7.0919535007186285
2023,1,6.372307692307692,13,301.23033333333336,3,4.075322580645161,62,3.646290322580645,62,4.626666666666667,3,5.729849763137995
2023,2,6.510769230769231,13,303.3976666666667,3,3.949365079365079,63,3.5957142857142856,63,5.073333333333333,3,4.043936096276246
2023,3,7.04,13,305.989,3,4.5993650793650795,63,4.14968253968254,63,5.29,3,3.566049422412365
2023,4,7.303846153846154,13,308.195,3,4.58,62,4.4470967741935485,62,5.283333333333333,3,3.2334961618980973
2024,1,6.748461538461539,13,311.00333333333333,3,4.267704918032787,61,4.15639344262295,61,5.233333333333333,3,3.244361180978883
2024,2,6.995384615384615,13,313.0806666666667,3,4.62952380952381,63,4.448730158730158,63,5.243333333333333,3,3.191520919189661
2024,3,6.508461538461538,13,314.12100000000004,3,3.8753125,64,3.9546875,64,4.989999999999999,3,2.657611874936694
2024,4,6.632307692307692,13,316.5876666666666,3,4.103387096774194,62,4.275483870967742,62,4.3999999999999995,3,2.7231676914507563
2025,1,6.827692307692308,13,319.47499999999997,3,4.168852459016394,61,4.453606557377049,61,4.21,3,2.723979378570429
2025,2,6.788461538461538,13,320.78566666666666,3,3.8464516129032256,62,4.361774193548388,62,4.23,3,2.4610270835418335
2025,3,6.5661538461538465,13,323.23499999999996,3,3.689375,64,4.26109375,64,4.096666666666667,3,2.9014297038402193
2025,4,6.226428571428571,14,,2,3.5438709677419356,62,4.1,62,3.73,3,
