0,1,2,3,4,5,6,7,8,9,10,11,12
NAME,B01003_001E,B01003_001M,B19013_001E,B19013_001M,B25001_001E,B25001_001M,B25002_003E,B25002_003M,B25002_001E,B25002_001M,state,county
"Allen County, Ohio",100866,-555555555,67668,2951,44931,30,3123,1156,44931,30,39,003
"Ashtabula County, Ohio",96906,-555555555,59601,4541,46688,45,5653,1343,46688,45,39,007
"Belmont County, Ohio",64692,-555555555,57111,5272,31446,63,2626,863,31446,63,39,013
"Butler County, Ohio",399542,-555555555,80423,2347,156590,90,7736,2244,156590,90,39,017
"Clark County, Ohio",134985,-555555555,64897,7388,61361,39,4004,1207,61361,39,39,023
"Clermont County, Ohio",214123,-555555555,87952,4736,90737,42,4371,1524,90737,42,39,025
"Columbiana County, Ohio",99823,-555555555,58360,3764,46170,51,4961,1850,46170,51,39,029
"Cuyahoga County, Ohio",1240594,-555555555,65974,1463,615292,172,63332,4230,615292,172,39,035
"Delaware County, Ohio",237966,-555555555,132530,10720,90173,44,3941,1508,90173,44,39,041
"Erie County, Ohio",73841,-555555555,73306,8715,38778,198,6331,1544,38778,198,39,043
"Fairfield County, Ohio",167762,-555555555,91034,4752,65193,317,4502,1563,65193,317,39,045
"Franklin County, Ohio",1356303,-555555555,76536,1656,608773,397,49497,5527,608773,397,39,049
"Geauga County, Ohio",95362,-555555555,111717,8108,37954,40,1502,863,37954,40,39,055
"Greene County, Ohio",172347,-555555555,86466,7867,73249,92,4143,1249,73249,92,39,057
"Hamilton County, Ohio",837359,-555555555,72728,3430,383004,604,23509,2997,383004,604,39,061
"Hancock County, Ohio",75016,-555555555,81810,6679,34112,41,2228,1058,34112,41,39,063
"Lake County, Ohio",232360,-555555555,84604,4077,107135,53,4784,1397,107135,53,39,085
"Licking County, Ohio",184898,-555555555,86569,3718,73735,46,4313,1355,73735,46,39,089
"Lorain County, Ohio",322030,-555555555,78911,4291,138317,106,8150,2072,138317,106,39,093
"Lucas County, Ohio",426291,-555555555,63575,2321,201623,148,15192,2079,201623,148,39,095
"Mahoning County, Ohio",225786,-555555555,57167,3290,107954,62,9694,1925,107954,62,39,099
"Marion County, Ohio",64976,-555555555,62268,6046,27367,77,2159,879,27367,77,39,101
"Medina County, Ohio",184625,-555555555,92523,3916,77271,285,2563,1379,77271,285,39,103
"Miami County, Ohio",111950,-555555555,84845,6576,47654,35,1908,818,47654,35,39,109
"Montgomery County, Ohio",537443,-555555555,65985,2930,254418,533,22070,2776,254418,533,39,113
"Muskingum County, Ohio",86582,-555555555,61026,7635,38452,33,4941,1422,38452,33,39,119
"Portage County, Ohio",163839,-555555555,80174,7588,71888,73,4678,1504,71888,73,39,133
"Richland County, Ohio",124853,-555555555,66312,3950,54841,91,4862,1471,54841,91,39,139
"Ross County, Ohio",76046,-555555555,67743,5279,32077,74,1489,899,32077,74,39,141
"Scioto County, Ohio",71798,-555555555,54431,6877,33047,54,3203,1066,33047,54,39,145
"Stark County, Ohio",374091,-555555555,69276,3373,168819,70,11257,2112,168819,70,39,151
"Summit County, Ohio",538370,-555555555,69797,3127,249690,549,13757,2430,249690,549,39,153
"Trumbull County, Ohio",200300,-555555555,59073,4598,94411,61,7674,1608,94411,61,39,155
"Tuscarawas County, Ohio",92048,-555555555,65805,3400,41171,54,2249,967,41171,54,39,157
"Union County, Ohio",71721,-555555555,122893,15390,26937,79,1005,514,26937,79,39,159
"Warren County, Ohio",256059,-555555555,111952,7729,97922,62,2806,1161,97922,62,39,165
"Wayne County, Ohio",116632,-555555555,68401,7121,47269,124,2056,903,47269,124,39,169
"Wood County, Ohio",133077,-555555555,75066,6203,58328,99,3923,1460,58328,99,39,173
