RegionID,SizeRank,RegionName,RegionType,StateName,State,Metro,StateCodeFIPS,MunicipalCodeFIPS,2015-03-31,2015-06-30,2015-09-30,2015-12-31,2016-03-31,2016-06-30,2016-09-30,2016-12-31,2017-03-31,2017-06-30,2017-09-30,2017-12-31,2018-03-31,2018-06-30,2018-09-30,2018-12-31,2019-03-31,2019-06-30,2019-09-30,2019-12-31,2020-03-31,2020-06-30,2020-09-30,2020-12-31,2021-03-31,2021-06-30,2021-09-30,2021-12-31,2022-03-31,2022-06-30,2022-09-30,2022-12-31,2023-03-31,2023-06-30,2023-09-30,2023-12-31,2024-03-31,2024-06-30,2024-09-30,2024-12-31,2025-03-31,2025-06-30,2025-09-30,2025-12-31
904,181,Butler County,county,OH,OH,"Cincinnati, OH-KY-IN",39,017,911.7169025706189,913.2143870845562,921.8606543520939,931.2535943647558,929.0091587537767,944.9550769110699,941.626508921582,959.682639011672,967.5188663703393,972.533618365085,981.6652646694399,983.4014021798171,988.6109907869594,999.9021528799567,1007.3087068584056,1017.2439872047904,1029.5019503636443,1034.0455512890055,1042.4017406957516,1046.6450724220163,1065.609695579542,1082.2971007232643,1093.5531810632513,1110.9075665112423,1143.7470352543608,1164.1639348794226,1206.6958455985905,1256.9729547365673,1277.8753424894796,1317.2368945894327,1342.647318736573,1350.4644871980902,1366.4062644906928,1388.9863694427465,1393.9093270901403,1415.991534586242,1434.6637531215615,1442.6816684980292,1461.7274943083248,1479.794091905318,1488.4648568995462,1509.2931253232696,1519.7087965881544,1527.4501811646417
2241,34,Cuyahoga County,county,OH,OH,"Cleveland-Elyria, OH",39,035,806.9351173721651,811.5931743121956,818.791399096144,822.4589364949412,823.0877609712893,829.1121117310097,836.017153825597,837.6988826015867,846.3803509591404,857.2482689966546,860.7385996926316,866.7201708476757,876.4145681810272,877.3226882846055,890.5232258921026,907.0885894183128,912.2971333150423,926.7229120931463,936.1034372499647,943.7114803601706,958.8101524840039,976.0756045627454,999.1236769807663,1003.8558490357339,1029.6452439409118,1044.5153351550357,1072.1825540838847,1106.9493080588923,1125.0223417964046,1152.7626436277926,1170.678479118546,1177.431484887942,1194.0707524233837,1207.1113141530138,1225.3189815498054,1247.874545436747,1263.895876544134,1294.785925017919,1308.044201414542,1328.713694666061,1345.158127058835,1359.253822897277,1373.033027070272,1385.6736175645403
2288,30,Franklin County,county,OH,OH,"Columbus, OH",39,049,862.5936785120037,875.6425461421891,888.1024569437312,894.6105530550154,901.2164294823673,914.6267700233664,913.825265576557,925.7977833330825,945.4021230637593,949.1153207760725,966.4744546307314,976.2395555446938,993.2340494539762,1008.2788995375703,1019.2229049617247,1026.661660769796,1036.8022994358837,1049.45416313462,1061.3893051654927,1077.3189651013345,1089.8914856066203,1094.952758257737,1111.962645605213,1131.985819452248,1152.9151277859871,1182.9464569820013,1213.4158624117008,1247.21378445249,1266.124273959893,1297.2100129236499,1319.0829270833724,1321.179971375095,1345.2330113015435,1356.9539041521653,1368.4016401488184,1387.1858205576855,1391.437452049699,1411.5035959694776,1427.1492728498126,1440.784505684029,1459.39214009386,1465.2564752160947,1465.8933590357574,1473.1147223524956
2322,75,Hamilton County,county,OH,OH,"Cincinnati, OH-KY-IN",39,061,804.3444481482557,807.6451987603317,823.8818572371739,829.1074249277289,833.1370012114427,837.1449073347079,845.0491556414341,856.790176630097,871.4862778986816,890.3884292704013,900.9695390776498,906.7897217051309,925.244986651256,936.4059452971778,947.2260596114126,968.3620865268011,974.2143379335861,986.8128400563637,1003.3783335230565,1013.8112540717597,1032.695251627296,1037.5466992714594,1051.319495555621,1066.7256414136455,1082.816378473788,1109.7467718993398,1142.471146627029,1165.7956415649014,1198.9009656950227,1232.40015442907,1260.8895010463063,1276.260122560849,1298.3044720123405,1312.0988016973715,1324.0000183772775,1347.2396213160268,1358.2151511118543,1374.3704184809972,1384.669099206863,1404.1241733416052,1401.4929178695515,1415.508776867633,1428.1715482644959,1429.1051819359684
616,163,Lucas County,county,OH,OH,"Toledo, OH",39,095,665.318090312605,670.2762973141123,671.3226434168893,683.6207784845554,681.2458577541446,692.844178090725,702.1593298190515,709.0458110931322,709.3073833502486,715.1529215040688,714.8749370829396,722.6717504315361,729.8837684595451,732.0891232787885,740.7867057408744,745.3920047703696,752.8480826532302,760.2581394408843,766.2887136627817,771.8735622343959,784.6929741379762,790.1311530755353,796.7253802665083,815.4977233743234,830.897654029328,856.9692506066517,899.9317287049306,918.8782295799098,942.6978085309903,978.7028596954864,974.192297041471,985.0971778700188,1004.4692926465589,1002.5097794485642,1023.8575592305189,1031.9824859244525,1047.8091829065838,1065.706205541936,1080.1867755592336,1087.3186765886674,1100.7843086123503,1107.520554838959,1115.8852079821113,1135.0425630462078
2980,130,Montgomery County,county,OH,OH,"Dayton-Kettering, OH",39,113,713.8796342960658,720.8436165792983,720.6089362584602,732.6484286055958,745.0236196126053,747.2276650203826,755.0659482311706,751.8682931424235,763.1199797575265,773.9282730087751,785.5512484799546,792.2720752204605,798.9113975168021,812.7126347014754,815.9591156465874,828.8988504052543,838.2040510358486,844.527636900759,859.359529828342,872.2699780856127,888.436720147783,903.6318504343179,908.5261307566698,928.5618865405331,948.7416791060468,973.6331207278441,1007.0156381273478,1035.4605322285483,1054.9600922469442,1082.4929242645921,1101.5351831720932,1112.9761627059902,1127.5589857960492,1144.5392631137854,1159.9553107079375,1179.0023182498232,1199.4888408359388,1205.3440989786343,1215.8435149033633,1230.9918390739786,1245.3932265898718,1257.6074321126011,1267.5798899158574,1273.842124785015
730,190,Stark County,county,OH,OH,"Canton-Massillon, OH",39,151,640.0373409181824,635.1885425047185,645.318978183586,651.3842428161865,651.3146469148362,651.3642120411482,646.8030522360158,654.3330710370631,663.334987571644,675.8740796008541,682.3964614632904,683.4611886382885,680.9179674127589,689.6297197795994,698.979746742356,702.061441550457,713.5906464520051,715.0063251846542,720.7342461078889,732.5363038161821,742.0289002996337,756.8053788063445,776.9580486885988,781.2013676117883,805.472693082576,815.1676931757211,834.3603113173504,865.3601155149445,879.4428088995408,913.9283431050555,938.6629899049002,941.5854303270318,960.7066429761903,973.248274953131,984.1104168978792,1012.5611090787955,1019.9466569395092,1032.1714122955543,1041.0604284894446,1054.6962852693243,1071.3273892524535,1077.9398295976823,1088.0308861219296,1092.169980403674
1404,128,Summit County,county,OH,OH,"Akron, OH",39,153,716.371809635191,723.2102594981976,727.1682385950102,735.8238081020199,736.6235093358507,741.2864054659997,747.4059231976265,746.795714524319,756.2197643676908,767.3051434131461,768.4518495830305,769.9423245572623,776.0177487689137,777.7898163525576,782.0108915732375,794.12292412236,801.077605826704,808.9423056112387,819.6719416945583,825.1248293685042,834.0844256522889,849.0329484608171,857.8099262582165,883.1293692820005,903.6348278535995,933.6729897596895,964.6502240446944,982.907168406407,1011.932962152898,1038.4017422387633,1059.2229028676143,1086.0266732388793,1091.28347620653,1114.005267072863,1123.9130187417074,1141.7685746139373,1158.364324505294,1170.9654880723806,1185.8463375018478,1199.1982669059164,1213.0267721944276,1214.0734460830956,1233.0651088696238,1243.010039071873
1480,283,Warren County,county,OH,OH,"Cincinnati, OH-KY-IN",39,165,1143.1485368981394,1156.2072927003778,1157.9479155179542,1175.0907038046585,1179.2135576310793,1195.6165685229048,1201.9258032958526,1204.6534594044285,1228.3921578073532,1244.0200219391918,1243.4474381683247,1250.6641776227714,1248.9788709513239,1252.5077226020169,1269.240170589344,1274.9238275283406,1292.6145265356392,1304.5862360593094,1317.7908646314381,1337.3213006333808,1352.1198030412456,1355.22387669587,1373.4684186926752,1408.9157528049486,1418.2845578536187,1450.9313508600044,1505.634911580924,1553.0956887911404,1580.1845447674875,1628.4494637236453,1657.2235127737067,1664.2895970003665,1698.545811145686,1706.0177191851028,1716.5090227324715,1739.39107516967,1765.3220202276052,1798.9477600036491,1822.4450756292383,1843.6196699362984,1866.2305304889203,1883.5586651321703,1902.9311564751802,1921.8693299015072
