State,County,FIPS,Index_basis,Frequency,2015,2016,2017,2018,2019,2020,2021,2022,2023,2024,2025
OH,Butler County,39017,2000=100,Annual,108.43,112.34,118.81,126.2,132.75,138.57,155.45,180.05,197.17,209.88,220.62
OH,Cuyahoga County,39035,2000=100,Annual,96.08,99.63,104.47,110.62,115.59,121.06,135.06,152.64,165.36,175.77,185.83
OH,Franklin County,39049,2000=100,Annual,122.23,130.19,139.5,150.1,158.5,166.97,187.07,215.81,232.11,244.89,252.71
OH,Hamilton County,39061,2000=100,Annual,111.74,116.51,122.59,130.72,137.04,143.79,159.61,183.23,201.13,213.58,222.02
OH,Lucas County,39095,2000=100,Annual,91.92,95.7,99.52,103.98,109.75,113.49,125.72,140.4,151.82,162.89,171.11
OH,Montgomery County,39113,2000=100,Annual,98.35,102.31,107.84,115.5,122.37,128.99,145.26,165.03,179.05,190.14,200.9
OH,Stark County,39151,2000=100,Annual,102.62,105.75,109.88,114.88,120.21,125.04,139.41,156.97,169.5,180.33,190.49
OH,Summit County,39153,2000=100,Annual,100.18,103.22,107.63,113.58,118.71,123.81,136.95,155.39,166.67,180.1,187.06
OH,Warren County,39165,2000=100,Annual,112.06,116.78,122.37,129.55,136.73,142.41,158.44,185.45,201.23,218.92,227.71
