source,series_id,raw_file,url,retrieved_at_utc,sha256
FRED,MORTGAGE30US,data\raw\FRED\2026-10-08\MORTGAGE30US.csv,https://fred.stlouisfed.org/graph/fredgraph.csv?id=MORTGAGE30US&cosd=2014-01-01&coed=2025-12-31,2026-10-08T12:50:45+00:00,1b050a2ca560a175dfd1665fcd7f05e8529e12bbf2dad7a78e7e9fcda23acf7f
FRED,CPIAUCSL,data\raw\FRED\2026-10-08\CPIAUCSL.csv,https://fred.stlouisfed.org/graph/fredgraph.csv?id=CPIAUCSL&cosd=2014-01-01&coed=2025-12-31,2026-10-08T12:50:45+00:00,1d3a5b19d0e28ed2ac16cdc93b71006c961b3c62cdc0964cebdd9d9771485a6d
FRED,DGS3,data\raw\FRED\2026-10-08\DGS3.csv,https://fred.stlouisfed.org/graph/fredgraph.csv?id=DGS3&cosd=2014-01-01&coed=2025-12-31,2026-10-08T12:50:45+00:00,a4b95b9d3a8d484423a4ea428f5f5358901d06ac7f06b52802d939e2427913c2
FRED,DGS10,data\raw\FRED\2026-10-08\DGS10.csv,https://fred.stlouisfed.org/graph/fredgraph.csv?id=DGS10&cosd=2014-01-01&coed=2025-12-31,2026-10-08T12:50:45+00:00,65c14fa5b58bd985f182231bbc9090ecf5973109ff6ba701f73d2106588937d4
FRED,TB3MS,data\raw\FRED\2026-10-08\TB3MS.csv,https://fred.stlouisfed.org/graph/fredgraph.csv?id=TB3MS&cosd=2014-01-01&coed=2025-12-31,2026-10-08T12:50:45+00:00,ebe1db43b70ce3bf4e7af4e444f74a108da48bfac2c5790da843a7649b629b92
BLS LAUS,LASST390000000000004;LAUCN390170000000004;LAUCN390350000000004;LAUCN390490000000004;LAUCN390610000000004;LAUCN390950000000004;LAUCN391130000000004;LAUCN391510000000004;LAUCN391530000000004;LAUCN391650000000004;LASST390000000000005;LAUCN390170000000005;LAUCN390350000000005;LAUCN390490000000005;LAUCN390610000000005;LAUCN390950000000005;LAUCN391130000000005;LAUCN391510000000005;LAUCN391530000000005;LAUCN391650000000005;LASST390000000000006;LAUCN390170000000006;LAUCN390350000000006;LAUCN390490000000006;LAUCN390610000000006,data\raw\BLS\2026-10-08\bls_response_01.json,https://api.bls.gov/publicAPI/v1/timeseries/data/,2026-10-08T12:50:45+00:00,5f89d741133204d518075351cb3b1ea1b837e24d9347ce0f0028a7ec8ae2a1f1
BLS LAUS,LAUCN390950000000006;LAUCN391130000000006;LAUCN391510000000006;LAUCN391530000000006;LAUCN391650000000006,data\raw\BLS\2026-10-08\bls_response_02.json,https://api.bls.gov/publicAPI/v1/timeseries/data/,2026-10-08T12:50:45+00:00,14b0a260f854a2491b4278cbee589832eb8a353d6e0698576f53e6a448075c18
BLS LAUS,LASST390000000000004;LAUCN390170000000004;LAUCN390350000000004;LAUCN390490000000004;LAUCN390610000000004;LAUCN390950000000004;LAUCN391130000000004;LAUCN391510000000004;LAUCN391530000000004;LAUCN391650000000004;LASST390000000000005;LAUCN390170000000005;LAUCN390350000000005;LAUCN390490000000005;LAUCN390610000000005;LAUCN390950000000005;LAUCN391130000000005;LAUCN391510000000005;LAUCN391530000000005;LAUCN391650000000005;LASST390000000000006;LAUCN390170000000006;LAUCN390350000000006;LAUCN390490000000006;LAUCN390610000000006,data\raw\BLS\2026-10-08\bls_response_03.json,https://api.bls.gov/publicAPI/v1/timeseries/data/,2026-10-08T12:50:45+00:00,a7e5dc42aab8ee4255441c6e84dc8d2b63a5f0e85c3c896cfd3e53c3a57dd3ce
BLS LAUS,LAUCN390950000000006;LAUCN391130000000006;LAUCN391510000000006;LAUCN391530000000006;LAUCN391650000000006,data\raw\BLS\2026-10-08\bls_response_04.json,https://api.bls.gov/publicAPI/v1/timeseries/data/,2026-10-08T12:50:45+00:00,107f3cf8a6871f3c97e25601b6ba808ad9faa057998fdf282f3c95703606d374
